{"loss": [6.693798065185547, 3.5804686546325684, 3.574070453643799, 3.559678792953491, 3.545645236968994, 3.528852701187134, 3.5115702152252197, 3.5206499099731445, 3.4998996257781982, 3.4684383869171143, 3.4990792274475098, 3.4453794956207275, 3.4140496253967285, 3.3689305782318115, 3.3086345195770264, 3.22369122505188, 3.101206064224243, 3.0437216758728027, 2.905341148376465, 2.859853506088257, 2.7218778133392334, 2.610278606414795, 2.509321689605713, 2.4124670028686523, 2.307110548019409, 2.2495486736297607, 2.09323787689209, 2.0353660583496094, 1.950342059135437, 1.8867758512496948, 1.9334304332733154, 1.7456194162368774], "accuracy": [0.027608346194028854, 0.030176565051078796, 0.03723916411399841, 0.03531300276517868, 0.04398074001073837, 0.04847512021660805, 0.05585874617099762, 0.05393258482217789, 0.06356340646743774, 0.06645264476537704, 0.06260032206773758, 0.06805778294801712, 0.08025681972503662, 0.0940609946846962, 0.12070626020431519, 0.13964687287807465, 0.15634028613567352, 0.16340288519859314, 0.19871589541435242, 0.21284109354019165, 0.24943819642066956, 0.2786516845226288, 0.2902086675167084, 0.3274478316307068, 0.3524879515171051, 0.37014445662498474, 0.4070625901222229, 0.433065801858902, 0.46324238181114197, 0.4860353171825409, 0.47415730357170105, 0.5097913146018982], "val_loss": [3.5827066898345947, 3.5771050453186035, 3.564368963241577, 3.5176825523376465, 3.4978997707366943, 3.417818546295166, 3.3904879093170166, 3.49416184425354, 3.490468740463257, 3.405665636062622, 3.4611589908599854, 3.3487980365753174, 3.3528642654418945, 3.2680368423461914, 3.193312406539917, 3.0979535579681396, 3.1086409091949463, 2.854584217071533, 2.534235954284668, 2.556826591491699, 2.3677031993865967, 2.2290656566619873, 2.0962374210357666, 1.9602736234664917, 1.8533302545547485, 1.8123779296875, 1.84722101688385, 1.7016481161117554, 1.8412009477615356, 1.7369214296340942, 1.5561879873275757, 1.3186534643173218], "val_accuracy": [0.028490029275417328, 0.028490029275417328, 0.03988603875041008, 0.06267806142568588, 0.06267806142568588, 0.08547008782625198, 0.09401709586381912, 0.0655270665884018, 0.07407407462596893, 0.09686609357595444, 0.07692307978868484, 0.1111111119389534, 0.1111111119389534, 0.14814814925193787, 0.156695157289505, 0.21937322616577148, 0.20512820780277252, 0.25641027092933655, 0.39316239953041077, 0.3561253547668457, 0.43304842710494995, 0.45299145579338074, 0.45868945121765137, 0.5185185074806213, 0.5242165327072144, 0.5698005557060242, 0.5840455889701843, 0.5726495981216431, 0.62678062915802, 0.6153846383094788, 0.6581196784973145, 0.692307710647583]}